erreygersE,numberOfHealthy,openmole$experiment,randomMoveRatio,seed,socialInequality
0.036827342861661325,1150567,706,1.0,-7331533605446779469,1.429419028967611
0.036611549700618695,1158102,700,1.0,-3395561074123471702,1.4185401532110393
0.03655777335905609,1151786,681,1.0,8946059011313586772,1.4229177115549598
0.036656937245947624,1151391,663,1.0,369007728939728382,1.4236808929957994
0.0365245974505768,1151135,672,1.0,3693936714713697959,1.421879369300878
0.03671738920852809,1153199,675,1.0,4750891348840552880,1.4247692229189746
0.03660342814997334,1155513,683,1.0,-6747442297641296181,1.422510669368915
0.03690431701174013,1156220,728,0.9,9189709088826253266,1.4241230639168572
0.036463830838908286,1154638,682,1.0,361476521707681994,1.4180388382340037
0.03702596619557299,1152935,812,0.9,5759581805705746165,1.4312255572317498
0.037033362063731985,1155837,736,0.9,583469795219514848,1.4272293845824515
0.03694011511392526,1158321,712,1.0,-197310734737750968,1.4238529621502962
0.03676317921725386,1152695,629,1.0,-4047318021636357836,1.428286636470601
0.03715706069028622,1151210,635,1.0,-1649992981902094407,1.4323704813412097
0.03701654245865613,1156645,653,1.0,-6331466293889835606,1.4227963128740382
0.036256993853014015,1157059,649,1.0,8964127311487135912,1.4130505450631745
0.036693455447509876,1153993,697,1.0,-6510706160376030147,1.4212730691963527
0.03666203505071912,1154984,669,1.0,-5257423414941722188,1.4225608843698447
0.036600707030800775,1152020,677,1.0,3316718339609849162,1.425303181582015
0.036803547737405455,1160458,664,1.0,-5029295662804576060,1.4237012453408935
0.037042289941341754,1154936,670,1.0,1651444987754694117,1.4264014989697973
0.036530473927719194,1151491,668,1.0,-6830780335511853506,1.425619498255004
0.03723023756172946,1156529,673,1.0,1036099704634050349,1.4261833901712142
0.03642426959693251,1150094,702,1.0,7072282526867450466,1.421411697760342
0.0364098733962079,1151985,657,1.0,-5548297968401758322,1.4240542688815852
0.03655995300876339,1157332,636,1.0,5355167898803609906,1.4222762381066263
0.03692154437918048,1157388,639,1.0,6846173380238641984,1.4258347546789722
0.03677916918416064,1154115,690,1.0,-7572669234017549812,1.4259285439398421
0.03710970824010364,1157473,616,1.0,-7306004315439499031,1.4318933940206033
0.035989792238537,1151145,613,1.0,7946736039551192455,1.4151117116920071
0.0368292234776416,1152152,619,1.0,48784270910226492,1.4281053835886401
0.03659937457312953,1154528,751,0.9,-384348052896125060,1.4228454508874964
0.03671042627024331,1151817,729,0.9,-5920149386788893014,1.4256174566136945
0.03676247837612531,1154442,754,0.9,1898145651295224186,1.426709185121553
0.0367904071553436,1162041,695,1.0,-3670748505971307508,1.4207851356301038
0.03689766595064213,1155403,691,1.0,-1813934447585356961,1.4267076744306864
0.036689464604917316,1153761,772,0.9,-2815887425272282139,1.42306573768013
0.03687259521699796,1152016,693,1.0,3219151796463357678,1.4289008372721979
0.03668339650216789,1157434,782,0.9,1070083105097823702,1.422258455274218
0.03687043574909038,1154222,805,0.9,-6410816046770962778,1.428193398205503
0.03711373006723154,1155492,793,0.9,-4622410470003522832,1.4273033998597089
0.03675946102289126,1157943,704,1.0,2474473753199168183,1.4214093673114792
0.036730228161373786,1156924,705,1.0,-212016289252917768,1.422576911742889
0.0369949592277047,1157366,707,1.0,2283996411590756753,1.4224473931256556
0.03675400515250899,1155512,788,0.9,8042980160645416522,1.426743376038125
0.03700858590910905,1155112,780,0.9,-3862929567666074737,1.4273547977438468
0.0366615391501816,1157000,679,1.0,844186878526397424,1.419194391926012
0.036538908561164346,1154017,694,1.0,5675537120103972930,1.422507718646292
0.036660147511718734,1158373,748,0.9,6052480849088777524,1.422919921853186
0.036965838467920724,1155953,743,0.9,6609434121475674640,1.4246664996220337
0.03655206515253797,1155479,731,0.9,2480737631982574696,1.4217474893884572
0.03717538917178809,1153504,713,0.9,-763912266659575092,1.4312752165417972
0.03657427268030562,1158831,618,1.0,3614753080651010153,1.4227222463487792
0.036454122825013514,1153090,615,1.0,6815219558987037987,1.4193377464543273
0.03641135853025154,1153695,658,1.0,1316412606116700425,1.4175992565203892
0.03708929714883609,1155553,665,1.0,2823207321183368899,1.4280803781286686
0.03631763125653357,1150899,647,1.0,-2393139691113705412,1.4204474630121795
0.036965316570533605,1161521,645,1.0,3376445527619156250,1.4200598070477086
0.036473109639906354,1151987,655,1.0,-7772513832910588422,1.4218190663359143
0.036801424778338414,1148324,654,1.0,647074021203908235,1.4296169480569259
0.03709119827152016,1152794,656,1.0,9002067590303513415,1.4308608319796485
0.036647303321829,1153955,659,1.0,-5442213630960812013,1.4207357715513151
0.03674914250835923,1154318,674,1.0,6992728664193739098,1.4237768953043344
0.03688800270290363,1154031,732,0.9,7952153825999767581,1.4301602414448802
0.03734843709770416,1153838,759,0.9,180493169859812905,1.430707917282801
0.036870643765585596,1155808,757,0.9,7376805069410687395,1.422197069331172
0.03722026560057649,1151484,786,0.9,926723230264125441,1.4323294834591507
0.03691703607971251,1154241,801,0.9,6313004915944114465,1.428117883437177
0.036623726258902436,1153149,803,0.9,-4033488912267628801,1.4216995335465736
0.03734974448888803,1154402,790,0.9,5319731639359690428,1.4325817842197628
0.03717895764609865,1152564,755,0.9,-3926737377721060816,1.4323771701675512
0.036865635584582286,1154326,761,0.9,-1307250866491597295,1.4271685524016737
0.037218804354807504,1154645,744,0.9,5306059526672025230,1.4286442348418713
0.036862975857878365,1155710,746,0.9,-3813066266050286252,1.4231095121651263
0.03680365478516216,1153383,742,0.9,1978190366441088039,1.4255050856135263
0.03698845541137737,1158380,719,0.9,8893828010130836340,1.424223777150339
0.03718391356132353,1161359,730,0.9,-6150044450494549396,1.4284857829011621
0.03731497171092209,1158105,774,0.9,-8633797255608554852,1.4311206635978748
0.03688297104530601,1157615,775,0.9,-2234906223545543504,1.4245028575399863
0.03679350169328741,1151432,779,0.9,-2596533870891196612,1.4278206571254934
0.03711373930367891,1156890,789,0.9,-6204775355502695637,1.4286634834890632
0.03720197405976878,1155357,800,0.9,5662897957032231339,1.4314887717528593
0.03679111717068393,1153707,799,0.9,-5078415485415457788,1.4244582252710465
0.03720876120487821,1156344,811,0.9,1609816305786491411,1.429546959908509
0.036802935821207555,1150904,758,0.9,-1296106041957466510,1.426391273979502
0.036632433914978925,1156799,720,0.9,488500990127828137,1.4227114283281646
0.03706913715897532,1150971,745,0.9,4815370640470943272,1.4320852295955773
0.03715411660773105,1158722,722,0.9,2780288154380775781,1.4279001830659677
0.036997401120132625,1155422,721,0.9,-8939727691377420904,1.426671623822227
0.03684142247016456,1153362,750,0.9,-5011011388142256367,1.4242628050091324
0.03701274346976377,1154723,769,0.9,-3205406137402731729,1.425196110333374
0.03707619297365656,1157132,762,0.9,1629728662994747847,1.42519562809972
0.03680290452403848,1155267,776,0.9,-3129571375064614878,1.425977698766578
0.036696179254563074,1152715,771,0.9,1392558252598970163,1.426008313853377
0.03712234894146203,1154177,764,0.9,-2208281308515150335,1.4292997600303772
0.03737916596613942,1154739,765,0.9,-8261117773218599058,1.4340300360585425
0.03689952952452225,1151780,792,0.9,-5992318823220792949,1.4276171027287357
0.03727638906651027,1154836,802,0.9,8214604604690821958,1.432015339062155
0.03717239749429505,1155440,808,0.9,-6347588115180214381,1.430266118716049
0.036915186286361465,1160232,797,0.9,-1105190713366986088,1.4258612725499158
0.036568367698380656,1154635,709,1.0,-6754329977992247322,1.4224936827845336
0.037125943709762035,1156746,753,0.9,8646216827661505597,1.430572083785735
0.036575370841270355,1151493,717,0.9,-6065852158850857242,1.4270617372541725
0.037313191750318685,1154414,714,0.9,474345601032279133,1.4339447286581957
0.03656527951860531,1153502,627,1.0,1578714175798952848,1.424398250091044
0.03692610386973217,1153647,638,1.0,4423965797553639425,1.425574237991826
0.03652625619752251,1153496,650,1.0,-3260261577608593771,1.4238007142612357
0.038199980670566715,1159243,815,0.7,-845712622642107313,1.4426992320030525
0.038277119163928716,1156723,895,0.7,-7224936081826752287,1.4439138238229638
0.03803408747206033,1156686,891,0.7,-7748268233140727280,1.440809539436286
0.038045824917205734,1156483,825,0.7,-2977686477749621150,1.4435052864250346
0.03834214071674753,1160532,907,0.7,-1904685156798964683,1.4409534309815115
0.03780240344947334,1152680,905,0.7,8385161138248990321,1.4402749424337131
0.03771440412925598,1157137,837,0.7,7665406276840903498,1.4372591343890397
0.037692774384040596,1155366,830,0.7,-6660946677815054630,1.4400845208607742
0.03867642906342536,1155859,986,0.6,-5639969871112117371,1.4544072179799423
0.03758031960122345,1150933,867,0.7,-7511071469194610227,1.4395878116648921
0.03777945749782178,1155673,831,0.7,7260179126777926566,1.442196961338714
0.03711327387481807,1154319,737,0.9,-1937290163199917840,1.4281145372387978
0.038016873782982866,1158642,924,0.6,-7942011111255761032,1.4443635625794997
0.03862618282291683,1157717,954,0.6,-543849753489307870,1.4514518347654077
0.038602060776839996,1153996,931,0.6,4016615436336647749,1.4560170184236303
0.03819876815132155,1155582,959,0.6,1761083880148747649,1.4479258922887397
0.03850388153159134,1156228,966,0.6,4227673317688833486,1.4526037901208764
0.038687438632500945,1155969,969,0.6,-157088501600301017,1.4523215589804217
0.038012123993216844,1152483,953,0.6,687725279984082784,1.4432893247827474
0.037961174886661495,1153217,936,0.6,213732388477742777,1.4434113610570674
0.0380894690100439,1158206,820,0.7,-3006206489124013740,1.4409786593962992
0.03792042761341577,1159713,842,0.7,3510166293759928877,1.437453173579357
0.037974710589204846,1155441,846,0.7,3911538773674769083,1.4448749301955512
0.037812316332260835,1155839,894,0.7,-1433162500758252934,1.4400687334580868
0.03761732561602449,1154522,871,0.7,-7345119613684494337,1.4431053706637742
0.037851187242603335,1158082,886,0.7,8590577521419419489,1.4406452632796167
0.03792536385242059,1156202,882,0.7,-7248207283309595425,1.4436963985317737
0.037575117547268916,1158561,897,0.7,6939177626747390044,1.4360073774859754
0.03811292576877383,1156127,892,0.7,3291032382322914011,1.4444098683797464
0.03746494528994776,1151969,880,0.7,-1356744149230348053,1.4398995558896202
0.03792172828258436,1153493,883,0.7,-7568723949533062710,1.4432485465492395
0.0379311992762248,1157017,874,0.7,-7475291339279190096,1.4404174787936692
0.038278399571644355,1156843,864,0.7,-4694993550778905987,1.4458891515811312
0.03809120332315818,1160423,889,0.7,8761073164605455562,1.4434208295470017
0.03785923806154258,1155140,912,0.7,2201578520449048251,1.439841563997973
0.037914666596128896,1157545,862,0.7,4989561750294893859,1.441276486972751
0.037760165573979196,1157769,903,0.7,5420054528396080907,1.4337274025571571
0.037476669218532405,1155821,859,0.7,-3319050575178708457,1.4337519027851304
0.03740456118297822,1155497,849,0.7,-3917686192226767521,1.4381020684179
0.03789727304246248,1159737,833,0.7,2882977337603414933,1.438110941578982
0.03755366389299261,1154749,821,0.7,-3427407359833683719,1.4348839297721363
0.03829604556720032,1154628,817,0.7,8029662969484969592,1.4442219375553749
0.03772846488817541,1153987,813,0.7,-1372225559905544992,1.441578354581728
0.03796396696495742,1157779,910,0.7,-4554545674136070414,1.437256308364639
0.036935865605780493,1150029,773,0.9,1924896490360411421,1.426586517793203
0.03806843442078015,1154645,968,0.6,-2776388480289428055,1.444806135988087
0.03849537221788587,1158626,977,0.6,-7295263180245140636,1.4491429483411309
0.03809937727112418,1155508,822,0.7,-1407507994379835634,1.4461278139023586
0.0380412625088085,1159226,843,0.7,-4108563861239867447,1.4419346944804536
0.037911508074802695,1157010,980,0.6,-51648497886914784,1.4424827495812809
0.03860402233599794,1159495,947,0.6,7430287647398368695,1.4508596362867905
0.03858997285024655,1153565,934,0.6,-2106232903886232706,1.4526270722004635
0.03927127712152417,1159567,206,0.5,4296122694322843078,1.4590322640877227
0.03846009433610656,1156797,915,0.6,1148108957391053657,1.450457455933314
0.03878728336402426,1159821,926,0.6,1964264057666128159,1.4569229341887362
0.03845436777549764,1159979,981,0.6,4674337908715379485,1.4483608188945687
0.03854688738507411,1160624,996,0.6,-2261996247445764780,1.4522231765455313
0.038627443250201524,1158025,928,0.6,-7358567173569980527,1.4509434395358023
0.03764337958937306,1155925,875,0.7,2395008933058155168,1.439416308274382
0.037824596289642534,1155265,890,0.7,2449402864299688788,1.4384837740190595
0.03780497469698235,1153498,819,0.7,-7421587807622364058,1.4439778654774216
0.04014346845947943,1159628,536,0.4,-3787077124609726941,1.4744867048224328
0.036660714916837873,1150918,687,1.0,-818291073767319679,1.4225791556268748
0.03689842528968662,1157983,640,1.0,6991400285314581044,1.421358097679293
0.03717174638584737,1154901,684,1.0,-4121119831019519473,1.4267479275179649
0.0366080371298268,1150247,661,1.0,3561600831631837563,1.4253002620544681
0.03947755263667306,1158986,200,0.5,-5331320201297752262,1.461945494774921
0.03915329271858263,1157150,188,0.5,2604558764374182281,1.4609058972291424
0.038898122354720836,1161258,193,0.5,4787212315926647647,1.4525357158570928
0.03910699826250674,1157931,207,0.5,-2245081599036571556,1.4634784605368778
0.03866806080108781,1155981,927,0.6,4075886570374583460,1.4535182306073473
0.03870945727755077,1156916,937,0.6,-5677455377854275750,1.453101341810988
0.03853751591887502,1157116,933,0.6,-6420734846403296734,1.4508092887981185
0.03890272411940568,1160116,935,0.6,-8367709914591720980,1.4575939116410588
0.03799726472307244,1152272,950,0.6,6878394045914964405,1.445982648771442
0.03884577630148021,1157909,964,0.6,1188085979298644987,1.4564931874972324
0.038644658029623594,1159339,965,0.6,-6175396270142079522,1.4516631723104017
0.038221126613385094,1157558,976,0.6,-5030839153436234786,1.4425468789296096
0.03838779064372231,1155791,1003,0.6,4558290687760149119,1.4493190369135331
0.0384972650744154,1158151,985,0.6,6289621201240834626,1.4468180151197603
0.03837243666804684,1160158,1001,0.6,-7806576784490903129,1.445769908218558
0.03863684740105413,1160713,1002,0.6,1311439651598491894,1.4488326814865846
0.03864391651678526,1157328,994,0.6,4465184140947149311,1.4513146665007612
0.03856683994018902,1154416,987,0.6,-8581998111626534945,1.451846876651373
0.03825900987860674,1158040,1007,0.6,-214179846845609656,1.4494993728259413
0.03807641591021173,1156786,951,0.6,-6940670831830073526,1.4450821765809831
0.03898264778031384,1160580,945,0.6,4822612060924293466,1.4517827046941063
0.038809824558401075,1158201,974,0.6,-6222679823554823635,1.4500265179827636
0.03847691487502817,1152182,920,0.6,8874507019417452487,1.4554441319684586
0.038429224241762976,1150748,1009,0.6,-2597877803458097137,1.456001622089518
0.03819090557225903,1158776,930,0.6,7211616854189008854,1.4434805247753701
0.03771838431630502,1151147,852,0.7,-6722836997945678856,1.441825520380822
0.03764595983634548,1159025,854,0.7,-4050754227007939426,1.4379496077500167
0.03813263269583406,1155771,911,0.7,7414110113211913857,1.445099363159816
0.03795670847813848,1156856,866,0.7,-1365787857932326815,1.4437270180395
0.03761314944432971,1161688,856,0.7,8934088581540247380,1.4335656368657939
0.03769759068643909,1154665,847,0.7,-2340916433552833707,1.4403887485836453
0.03776951813038661,1157568,853,0.7,6047855487325325062,1.436194902687159
0.03798361252076214,1156348,832,0.7,4250870478591837588,1.4461240260411587
0.03787287226211844,1155955,828,0.7,1290151026859887990,1.4400340983930184
0.03803943243077623,1155190,816,0.7,-6229476074534442415,1.4434368257265306
0.03944362709779681,1158745,569,0.4,-1605430721596172118,1.4677168698232919
0.040489196562841785,1159637,534,0.4,-3606466507295443621,1.4790748805504528
0.03858339478847611,1156982,189,0.5,2998262454491281748,1.4512892327071834
0.03881124072959148,1160489,958,0.6,5475989198621750895,1.4517103155663345
0.039430073993933855,1159355,203,0.5,953301404508956452,1.460528234506902
0.03896546605947873,1157475,205,0.5,-6839076392542361088,1.4596642725572087
0.03719418881993913,1151694,716,0.9,7723609205821666483,1.4329917817439384
0.037213065663926424,1155893,781,0.9,-7300013082446705287,1.4304450260532595
0.036640487968296935,1152780,806,0.9,-8413166003202621770,1.4236601015943593
0.036560898467047284,1155452,710,1.0,6211341249751138884,1.4207597246812254
0.0365398529945108,1153519,692,1.0,-4260877964993581260,1.4209296520353778
0.039329848056132044,1160029,194,0.5,-6466968183324815125,1.4597872118641797
0.03720133340700365,1155850,680,1.0,-6795480055972325962,1.4287537048032912
0.03942120246459063,1158640,202,0.5,6408065680874595115,1.4626456910013261
0.039072605771947516,1157809,199,0.5,-2376439142206246572,1.4594226492294922
0.038537272565460835,1158412,970,0.6,5240763542297729237,1.4516950594092584
0.03622102502234087,1154662,686,1.0,6340017866010587762,1.417422674787326
0.03663843324386957,1151897,696,1.0,-1881165879259359571,1.42398897933799
0.03654299769158183,1154239,699,1.0,-9143715743835198980,1.4202230716134823
0.036284189871578804,1152712,626,1.0,1815223090631132610,1.4229910203680667
0.0399133859443081,1157437,553,0.4,-1403053134398826142,1.4721712396399462
0.036931989907914055,1156875,768,0.9,1856254742954946303,1.4228374649544124
0.0372541434652256,1150739,738,0.9,5351331404543265193,1.436073039955294
0.03673557299307086,1148918,666,1.0,-7104255338552991432,1.4250096264321568
0.03676472828065919,1154328,620,1.0,5374762049099755173,1.4231633877663084
0.040089103999161865,1163179,538,0.4,-5463473182673960020,1.4759577632116219
0.0396414125167263,1158632,604,0.4,3229188343895085248,1.4683484353096354
0.037135418629027785,1152768,685,1.0,6626949519869531744,1.4272892368015997
0.044842286750685884,1174758,1039,0.0,-4672152677236204869,1.539967381547944
0.036875818526661726,1153342,278,0.8,-6510946458513141314,1.4278609825323172
0.03769186483517028,1155164,268,0.8,-410000056902604865,1.4376196771793264
0.03654608587764832,1152099,648,1.0,5296611899780995975,1.4226791848424265
0.044497156217100854,1178541,1044,0.0,-3812384662423568187,1.5346093802982734
0.044378554872632765,1177410,1105,0.0,5187199373694379082,1.532106056245952
0.03640203334991128,1153728,804,0.9,-3465356345634694499,1.4200150841800294
0.03660516799831134,1155995,623,1.0,4199163646215971886,1.4204309256200303
0.04439170240558296,1178177,1073,0.0,6044577231605407319,1.5331334263489307
0.04447209019823131,1176686,1027,0.0,-5280025911664389012,1.533738564238353
0.04432791491638883,1179336,1035,0.0,4671102317352321319,1.5310760377993118
0.04511203846286704,1176888,1071,0.0,1122346113313690514,1.5458170468568564
0.044635032783657345,1177539,1084,0.0,679562371367667796,1.5362381259557292
0.04412911046189401,1176863,1061,0.0,4857785911097051882,1.528170022928726
0.044164903340553285,1175137,1106,0.0,5617502052800919085,1.5364877681559064
0.04440883153365584,1174172,1085,0.0,3519683419775849190,1.5390480682109766
0.043898804103255036,1177615,1029,0.0,4831583315042861606,1.5300748998426408
0.03746629704267859,1159205,767,0.9,7807832171103777501,1.4306695581330913
0.03685869130470317,1153866,785,0.9,-7463423807607061495,1.4280844619554627
0.03669303655402213,1154320,787,0.9,4011886672968045637,1.4266046082273978
0.0371400496655995,1154567,783,0.9,7786806002409673564,1.4287313753483935
0.036991903366968296,1156544,735,0.9,-3673766043675031701,1.4247804650709472
0.044968359375686315,1178410,1022,0.0,-6037693388992431513,1.5425480481761578
0.03719178385203555,1152706,223,0.8,-5139100767426157664,1.4341123577737462
0.04470037522882822,1178382,1063,0.0,-8493245223422855190,1.5406496803570056
0.044515577416888566,1175112,1086,0.0,-6541759081021872495,1.5371603733296386
0.04453154640016002,1179193,1094,0.0,-2946201152110306693,1.53507337196811
0.044671621449005924,1175779,1089,0.0,6325302601788912197,1.5371919370458618
0.044720913688161466,1181595,1093,0.0,-7859183811696174960,1.5372123917675131
0.04480003481525244,1177547,1074,0.0,-5470948410777520095,1.5412907273241616
0.043845182619325955,1178674,1053,0.0,1681810663636982451,1.5294454892805562
0.04451370232172996,1178303,1109,0.0,-2077044314237625074,1.5346464840555392
0.0443780231379675,1173447,1102,0.0,-1408523437262412163,1.5365727009462828
0.04461775250936523,1178171,1075,0.0,-8464227806456278623,1.538172082687354
0.04414709205019075,1176089,1060,0.0,7290219466003117743,1.5326130477457562
0.04446719271546322,1177074,1054,0.0,4468177250701283188,1.539305532978808
0.04460696421026118,1175974,1038,0.0,-360331024905928274,1.5395594207378305
0.04437332947820153,1177098,1026,0.0,-4650877288750263439,1.5333332765920549
0.03719569503728861,1153333,233,0.8,4208988591424067290,1.431182951148191
0.037343695398512414,1157642,840,0.7,471311673685613141,1.433477476759843
0.0376735222856702,1153809,827,0.7,7105931290900421754,1.4430406305511136
0.036886297602820174,1159738,734,0.9,4913985261488058560,1.4230270530147138
0.03720203826568108,1155157,726,0.9,7082698446107299892,1.4323578383639393
0.03724482158217559,1157693,760,0.9,2014529746006436745,1.4300732229058521
0.03704354490057765,1155550,245,0.8,7645084308456848846,1.4246997062535998
0.03754558905964376,1153115,265,0.8,-7590233012461718248,1.435469937081136
0.03719118903237445,1152801,269,0.8,-2352901313727086305,1.4311039357768112
0.03742659655921023,1154326,791,0.9,-1469616854283516113,1.4349286887317987
0.0367308790373089,1155039,794,0.9,-247643652423955316,1.4229128858313236
0.03994065547708685,1159737,548,0.4,7898851949193173656,1.473059909273878
0.03710482038263834,1155854,795,0.9,-706357519069685655,1.4276785153621465
0.04001012815816234,1161346,547,0.4,5065565691234753957,1.4742963083746028
0.03696794201639979,1155448,763,0.9,-7668412574590667655,1.4268629553056913
0.03724006784702693,1158656,288,0.8,5554836000286137894,1.426777293238159
0.03742622868658122,1156721,766,0.9,12161948076800927,1.4327879998521813
0.03697168373742594,1156279,698,1.0,-6857886557300917480,1.4305514788788374
0.03676153862583778,1152468,718,0.9,-7272177806687386741,1.4249490660987123
0.044428416696712776,1175506,1025,0.0,8486612000866758330,1.5399852441801116
0.04438555316800978,1176298,1058,0.0,-5537259228334899477,1.5359039638778804
0.04409792382368252,1176430,1108,0.0,5853700306897284055,1.5348758578606738
0.044540687506300414,1180090,1090,0.0,1299076995480051307,1.5365205328498621
0.044900139541580265,1178979,1068,0.0,4581288738724619123,1.5434014279900945
0.044497272078290115,1176285,1099,0.0,-6093164621771933091,1.5418938883405808
0.044585899997534095,1177661,1096,0.0,-7452321925963283618,1.5363379176852194
0.03703991978486418,1157237,733,0.9,-8582041451905955013,1.4266101216489797
0.037156957315209016,1154081,725,0.9,2724183999537178533,1.429856385999803
0.03668001131384375,1154543,756,0.9,6601753173781478039,1.4242296349240733
0.03712208659127194,1152812,777,0.9,-5085442193277361022,1.4292439531070393
0.03710091681955487,1157556,796,0.9,-4501647566443084979,1.4309177915998286
0.037331185283428665,1157449,807,0.9,-4720327928639237784,1.4302212362738347
0.036818039590847215,1154161,770,0.9,1190763172902847266,1.4248747908843071
0.03713442212778815,1155549,784,0.9,3330490913182091975,1.427557280986949
0.037217134476998516,1154592,235,0.8,-9197226934591186211,1.434114585579216
0.03789009359988192,1156838,230,0.8,-1378981003063623967,1.4393723048360676
0.03736344275837472,1155103,267,0.8,-4614545320275285145,1.4304745645005617
0.036965736779287536,1156560,724,0.9,6709460853143182183,1.4269283768928045
0.04454967368882821,1175737,1081,0.0,-5920356586026248749,1.5365444260286907
0.03726621652208922,1155736,309,0.8,-6192176129118729866,1.429156176356428
0.03677291717260099,1156457,667,1.0,-4724491298007581683,1.4256545296906702
0.03824684643445816,1155967,960,0.6,-6681747044272574293,1.4473457028491643
0.038849103987241854,1157243,942,0.6,-4362413908292984721,1.452502502970799
0.038036996826430254,1160341,865,0.7,1747148627255144600,1.4399301781029004
0.03819785108936289,1155822,845,0.7,-2324914111235510617,1.4425210645353697
0.036985967692084565,1154727,723,0.9,-8566876120849816798,1.4277931240370518
0.036843155947075885,1158543,727,0.9,2387616112124512412,1.421079775117466
0.036763892460005894,1156053,632,1.0,-3634536183172839348,1.4258166257789244
0.036924777202258174,1153882,628,1.0,-5929371159430672728,1.426664537080692
0.039347942640961316,1157024,176,0.5,2461270868715074149,1.4664894806374624
0.03792929320562961,1155808,844,0.7,-3047159649467986212,1.445036218345012
0.03901639864370766,1157434,174,0.5,-5607288567803696163,1.4640894188995228
0.03908605728081662,1156886,127,0.5,-4171996313716828809,1.4600263853567061
0.03907617140057877,1157932,129,0.5,8033485558521926529,1.4626254051578818
0.044155210962296805,1177610,1024,0.0,697351298804980534,1.527965243552669
0.043823851335083014,1177338,1042,0.0,7684618197242422758,1.5270765170542115
0.044289654189474476,1174444,1065,0.0,496283656008480259,1.537335206676731
0.04463127027027802,1180327,1059,0.0,-7084619666922582268,1.5370856111771063
0.04462972495842554,1173286,1055,0.0,-5021525523739021364,1.5449862259026423
0.04410251854035615,1177185,1091,0.0,7688512523872604313,1.532694808692713
0.044664073273884594,1177783,1101,0.0,6274740853163578632,1.5384334075958979
0.044556021854577216,1177932,1077,0.0,-8503060127117154806,1.538068757403918
0.044533028885473724,1179639,1095,0.0,4811663140158463271,1.5405438807987957
0.04418192029165884,1179588,1050,0.0,2711997844103167823,1.5298454027183463
0.044412830777896616,1178793,1018,0.0,5099543402495397270,1.5350974100054664
0.04433324548287835,1177312,1031,0.0,5543085443494466937,1.530747522576078
0.038222154933959224,1156361,948,0.6,-3528174030820631914,1.4496702156726917
0.03911763027562636,1161327,952,0.6,-209812068372208479,1.4563616999644136
0.03825185659285815,1158733,955,0.6,-6796419259831619473,1.4461286179904833
0.04440761773767127,1175886,1019,0.0,7968140434923658703,1.5354524006510284
0.036606737476704856,1151520,741,0.9,-5416339125440432364,1.4208806910842977
0.03870570332923358,1155006,957,0.6,-8992796526296544565,1.4576511718375147
0.03841552316746346,1158011,1010,0.6,6208069472139432506,1.4493253440400464
0.03829630856714658,1154885,932,0.6,6724768714944368017,1.4504939659590448
0.03687293178798649,1157292,701,1.0,4565644825512336414,1.4208748397815383
0.036565223143094454,1153921,798,0.9,3386067255692029354,1.4236001418261448
0.036930974624577485,1148894,740,0.9,-2107423324822534093,1.4326119462794633
0.036744590485454025,1156743,622,1.0,-8235603820509713786,1.4239703543357192
0.03633851246164461,1152955,633,1.0,-123407393965715859,1.4214836194199436
0.04010293939532703,1159615,566,0.4,-8697788003370796725,1.4753723827106549
0.03737169823662303,1158577,228,0.8,6284976901211184794,1.427904479705954
0.03775534480179696,1159602,241,0.8,-7648625114151403619,1.4367722412818844
0.03736693181732107,1157164,307,0.8,-8158755940444321835,1.4345708437016096
0.037449652732945385,1154929,286,0.8,3629653076841461475,1.4347102124160194
0.03712775255724436,1153954,306,0.8,3771112252307668647,1.4314243231462749
0.037196655737624006,1155394,238,0.8,5626977669331651170,1.4321574677871074
0.03932400975956019,1159083,153,0.5,-2156395896869861042,1.4604546292130764
0.039423097114253756,1158626,132,0.5,-9142117336718450976,1.4627128548013055
0.03916126150488349,1159944,182,0.5,7373498271741490119,1.4607082824539164
0.04008765919123073,1163349,575,0.4,111686704898410766,1.4722491021170583
0.03847132164009957,1158277,922,0.6,316700729286434886,1.4490014362017183
0.03701926033247942,1157610,247,0.8,6174887608259711459,1.4248790822539188
0.037920131074207525,1152704,972,0.6,3331407580621737272,1.4496551552739068
0.03888311623614818,1162070,963,0.6,-6588035466238332444,1.451591817702797
0.03844933872305984,1153807,941,0.6,6277645109777609545,1.456129352328807
0.037665246063734135,1154890,858,0.7,9022265446456205447,1.4404568772198998
0.037554339233180516,1155208,869,0.7,2013668736251219909,1.4332603518672042
0.03782633223679192,1154210,873,0.7,-1038715750816119576,1.440682636866865
0.038156484289916026,1157457,863,0.7,-27551539591710662,1.447526203881203
0.03777625952350105,1154398,887,0.7,8197350607407895255,1.4430377489847654
0.03794244012558268,1158390,877,0.7,6181824485006106768,1.4415080002689553
0.037980045986777275,1154465,902,0.7,-7052145670998985069,1.4409090684539687
0.03756370543743094,1150756,893,0.7,3320353039497545654,1.4426467651209398
0.03782816311925944,1160786,899,0.7,-6443790413733044121,1.437480276317336
0.037647857560353,1156904,904,0.7,1025809508496661638,1.439000441493432
0.03829712587367472,1159080,876,0.7,-4919392505295379000,1.4432238558817334
0.03788574736999251,1156880,870,0.7,-1114016517809224991,1.439060332672702
0.037700078474934534,1153534,857,0.7,6078504379785597856,1.4381233509695839
0.03794678571627049,1152871,834,0.7,-7775306559156601704,1.4446930178545454
0.03812424173440509,1150078,839,0.7,-1425592428631452438,1.4494906643236671
0.0380290217154444,1153636,823,0.7,105719097041811205,1.4428524363105335
0.03869111365039238,1155929,990,0.6,5432439649844090358,1.4530797667071416
0.03940337944539367,1164004,133,0.5,-6342199250829551355,1.4618424153576755
0.03762572418033366,1155385,909,0.7,951405578069184225,1.4382967271299016
0.036415973951306246,1151860,631,1.0,3428221522046672561,1.4179990171051806
0.03851784082061201,1159238,938,0.6,-6951826583163691236,1.452076703917578
0.038121108127122875,1159163,971,0.6,-2827527882359322710,1.4473854219281843
0.039970543067062624,1159472,532,0.4,3943834471390793367,1.4723876401898197
0.03801858143342555,1158422,983,0.6,-7494940011196375790,1.4456146589459975
0.03823369507586513,1158510,993,0.6,8281288462748209219,1.4472609636908145
0.03831343084264983,1157209,984,0.6,3706282504058608432,1.4497651102258988
0.038397683785558495,1158302,982,0.6,6418384852726200387,1.4500997578722183
0.03813432606921478,1157911,995,0.6,-6954233811555136106,1.4421057076300041
0.03915551411438247,1162629,979,0.6,4752188862647967218,1.4568630528417887
0.03903285443228217,1154702,949,0.6,2717662032478042870,1.4601781375299825
0.038548247790631214,1158735,918,0.6,-8222878702107174048,1.4472123822385652
0.03719238265513814,1156403,671,1.0,-5356855049226889446,1.4311134147448856
0.037930109919073925,1155413,824,0.7,3924926658170362994,1.4395397585498597
0.03782226679036871,1154257,861,0.7,-4502005073427578319,1.4433723918472632
0.0379841331122418,1155594,879,0.7,976748308254428107,1.4450457995332355
0.03813571132247284,1154184,901,0.7,-1138118604953332402,1.4435173968835193
0.03778176782583128,1156779,906,0.7,-4145678721009032167,1.4409971719079118
0.0374099114589633,1153516,855,0.7,-6399400673045318727,1.4382493273085417
0.038069833492730125,1157414,841,0.7,3778852671241757882,1.4450052761896368
0.03799362812954659,1154363,829,0.7,6390210792711718905,1.4434310645886563
0.03774974642897493,1157402,884,0.7,-8526002751726681698,1.4382807978098329
0.040850710795602756,1164312,483,0.3,-5128310902382880766,1.4894384391175448
0.04029503885303517,1164378,485,0.3,-6205350300426544718,1.479306139921537
0.040830285192680976,1162288,502,0.3,-1096463119432059042,1.4887722976724247
0.04069602113640202,1161414,498,0.3,4012937545419678635,1.4831494735932766
0.04090174178027338,1163706,507,0.3,2469076589120085609,1.4897955546964647
0.04107904614577719,1161405,506,0.3,-7786527037805825118,1.4884981345310246
0.040894158986308014,1162683,504,0.3,2427717026576220478,1.4869723039044804
0.040992902056231836,1162368,508,0.3,-5023034102405449117,1.4890469410514104
0.04111506448015416,1162554,494,0.3,9068219067727206567,1.4899644185620453
0.04044201628447209,1164698,456,0.3,8125245157617498013,1.4809523641713571
0.04060685037575425,1162241,451,0.3,2051460694292328162,1.4883739590937537
0.04074632499214183,1162559,420,0.3,-1906277706228207103,1.4850706584805984
0.03922544586516247,1158841,210,0.5,6554518814408268145,1.4631839509635343
0.037131810512572264,1158166,641,1.0,3150862630710979055,1.4301700381817
0.04482773288595514,1177881,1033,0.0,8840786564096712523,1.541830788774725
0.038290543117718866,1161361,940,0.6,4112266770334584843,1.4452583313271041
0.03910394082903495,1162233,975,0.6,-6288803909040009726,1.4576836727992994
0.03857777872062619,1160803,988,0.6,-8135709877388716184,1.4496995518179279
0.03867475504520809,1155110,992,0.6,-1102812658849111243,1.452185974642145
0.038817079654238425,1159910,999,0.6,-2464845200742122810,1.4511405150101657
0.03866875688860298,1155349,1008,0.6,-5475419196146929237,1.4501626072976093
0.03778808269070608,1158153,851,0.7,8925744740219581908,1.4374847440719052
0.037442877441037574,1152595,878,0.7,5407043141056925660,1.4392896130185873
0.037335644176731624,1157605,826,0.7,4457409822066267623,1.4337322169026105
0.037109933031195176,1154382,239,0.8,-1088553337024607393,1.4286154305952687
0.04199429924489333,1163935,332,0.2,4957950883823241876,1.503702733010419
0.03780115467485337,1156004,290,0.8,-16075309377302715,1.4385444391992899
0.041865035977413,1164589,357,0.2,4992840101345118597,1.502349182734773
0.037453457635986245,1154241,263,0.8,1686516214794641742,1.4356589096238346
0.03703588452155665,1158704,244,0.8,8695448821701735,1.425677271420281
0.03873336836921754,1154273,142,0.5,312178901745709453,1.4571833087991204
0.03918624881632512,1162090,150,0.5,1795048457631787258,1.4558997740827677
0.0375781424861735,1153293,219,0.8,-2359258460080306770,1.4384537790456002
0.03693242354874017,1152349,264,0.8,5506760585276998384,1.4273744023468253
0.03963977785848814,1159555,581,0.4,-3882711558989556520,1.4693688144220143
0.03939932876637812,1160238,599,0.4,-3680462625511408105,1.4662599299727108
0.037378054349965634,1154409,298,0.8,3338666646317628885,1.434992229192619
0.03719786142426484,1156259,242,0.8,-6820183069574612072,1.4324257375174374
0.03934428920613217,1159115,178,0.5,-1408912279270096309,1.4627528573339739
0.03919350143880483,1160466,167,0.5,806797315284165820,1.4578913437110934
0.04274350801685745,1167661,79,0.1,-2574932813112766285,1.5196230501106553
0.039667637476604,1159852,552,0.4,5491599189207496655,1.4656575517580084
0.039975639237851,1160223,591,0.4,3217937838577588447,1.4705601258479433
0.041779722674457474,1164317,386,0.2,1792397416885941161,1.500013202680901
0.041380861545377644,1162433,381,0.2,-5229235244007141181,1.4947491145666139
0.038021076385408595,1154894,914,0.6,7067644244349306409,1.4479117798358403
0.04042493739980704,1159241,531,0.4,3036294560591827555,1.480614723038825
0.03978530721475561,1160490,528,0.4,7626572161860125430,1.4694496106882116
0.039698489612783265,1162121,567,0.4,-2947329275967410767,1.4666162479772324
0.03988528982196815,1161551,519,0.4,5338864653393365478,1.4708493653012236
0.03968167062403209,1157784,516,0.4,1305855179541571865,1.4734202179041553
0.04446229299138212,1176544,1082,0.0,6363186460340466826,1.5353179255718439
0.03670844904695493,1158046,621,1.0,-8448463421932256841,1.4206460220570993
0.039192546696967936,1160042,196,0.5,-4810743635268233628,1.4599791653168357
0.03930777802424497,1157465,198,0.5,-5323675863181529112,1.4599328967925806
0.03846955782591341,1160941,946,0.6,6068301742225569584,1.4461423156181437
0.038628217591453934,1155866,998,0.6,2732316877961715883,1.4532373747328629
0.038402256920417675,1153636,1000,0.6,-1869628831843216165,1.4513807051755845
0.03819456860764232,1156923,956,0.6,-8488755012940994649,1.4491896729796414
0.03815602832569971,1155231,939,0.6,3907946029874584811,1.446092308264089
0.03837183383496904,1155168,925,0.6,4262727248735429177,1.4475751550417748
0.0382387846905998,1152948,921,0.6,645625297612496337,1.4469392330589046
0.03858799884911857,1158482,917,0.6,-7413983549483181038,1.4521371329391182
0.040639722742403954,1162047,493,0.3,5949158814724638646,1.486881056341416
0.04222935021703408,1167097,331,0.2,-5317784527213110686,1.5071938839827483
0.04083035480986575,1160690,447,0.3,-6645239307720816938,1.4901259607513846
0.040981079229008836,1160383,454,0.3,8844351340452812373,1.4911111738760654
0.04084505285032605,1165001,419,0.3,-2025488629547819748,1.4862906897394574
0.03924136471031186,1158785,211,0.5,6133041135191956551,1.4631500190253501
0.03872509710345948,1159481,209,0.5,1545323440382674346,1.4524471296610988
0.043155217890775255,1168354,37,0.1,949573296904165854,1.5220445614259994
0.03759527585292137,1152547,222,0.8,467516155669456791,1.440357278865086
0.03749861990887271,1155641,231,0.8,-5653937213374116216,1.4350855980543613
0.03699984392035783,1155285,218,0.8,-5214493977430668327,1.4292269793295633
0.03811166376345045,1154053,944,0.6,5207424447303550165,1.4484451989946237
0.04354372698160697,1171015,49,0.1,-2887354278657004539,1.5221998848652407
0.042886968794546426,1167323,41,0.1,-7875472903149311125,1.517198877169976
0.03728573155962609,1152987,274,0.8,3310590877237914974,1.4303004313782497
0.03743192595668979,1157028,284,0.8,6966028714976220002,1.4318420079314778
0.03675136465550949,1151807,279,0.8,2664119276007489988,1.4276511921952897
0.043034018184671584,1169563,80,0.1,9024984827915338952,1.5150834600601621
0.03759582795240161,1155552,232,0.8,-5585890740705865291,1.4398960296625125
0.04294336683884523,1166348,102,0.1,3869899678173754639,1.517588723699533
0.04002417095730567,1161173,587,0.4,-766487540876291960,1.472765555567758
0.0391355698823544,1158139,159,0.5,7840229853402908994,1.4608692800485488
0.039029758162556466,1159915,139,0.5,-3605684733568540823,1.4593621639140981
0.04220558947952562,1170811,324,0.2,-7033951287873760591,1.5020838611341212
0.04187874917933304,1165324,384,0.2,6208919182744652609,1.5054505537793574
0.0396115847714404,1162590,600,0.4,-2558966251771425158,1.4703667923609094
0.039877999231777116,1159023,574,0.4,-2647998923592715026,1.4714151339164112
0.03676068577025936,1155911,708,1.0,-2865368245953811378,1.4273676320419584
0.04029642251478838,1158626,588,0.4,-7267521400186585066,1.4835574491295132
0.037617983002415485,1158073,214,0.8,-3210383228875351802,1.4340983923426431
0.03865074443431486,1157895,164,0.5,4655509819184765268,1.4551241247671691
0.04003131730817974,1161832,563,0.4,-418818625079706327,1.474050478549863
0.039876263111595124,1156077,560,0.4,6790839252851910215,1.4759713143637174
0.03845325064822488,1155733,916,0.6,402550662490715433,1.4502184967405585
0.04015186661730755,1160836,561,0.4,-2687819959712035980,1.4712974519642623
0.04314201321443001,1169563,45,0.1,-7023952861587849385,1.5165098898109575
0.04039167227747215,1162988,415,0.3,-7993235188747603674,1.4795002648310585
0.03826328798220982,1159686,962,0.6,1885001319390773785,1.4503346548376428
0.03984589287383026,1160786,577,0.4,7684840326878654503,1.4700981763266314
0.04050074096484379,1165457,455,0.3,5982605338663253822,1.4809331223079116
0.03768648678589174,1154442,900,0.7,3047773921010616171,1.4380478543243551
0.0409094836961278,1162279,464,0.3,806920778069788268,1.4891765847689558
0.03964295930070778,1161335,533,0.4,1351790339675145020,1.4715728978732272
0.04113371417329691,1162581,481,0.3,2069969851748439256,1.494595422861057
0.036817898180727796,1157700,676,1.0,1363849318921827642,1.4245690307268348
0.03748445361139655,1158847,224,0.8,4866661576997380068,1.4355681313607163
0.04134274514013712,1161667,484,0.3,-2902699785118906747,1.4976997646792116
0.03905678462824632,1160182,197,0.5,-2148505758200243396,1.4592757074807738
0.04450048660249355,1174003,1097,0.0,861818530247463932,1.5437199962819732
0.04040678024024096,1161840,471,0.3,-6401426411398374269,1.4799143743565784
0.04070472851800762,1165227,473,0.3,-4943022071707957644,1.4813558063641863
0.04120143571368098,1162237,491,0.3,-4664105174377655792,1.4959267978657886
0.04321064101793657,1169510,96,0.1,-3795139638985555570,1.5197515205428802
0.042666734182802854,1169268,100,0.1,8825170267089080315,1.5123358003124499
0.04048068737807888,1161794,449,0.3,-6800565247609477356,1.480181098153091
0.04186907781975514,1166483,338,0.2,-1264932157678155545,1.5024151362843146
0.03728114785007246,1153659,646,1.0,634874404710887671,1.4308626039081898
0.041995766584290536,1169077,316,0.2,-5974878418691820055,1.5006447425771743
0.04332069691010059,1169367,59,0.1,1121980443340036774,1.5210140787833306
0.04287874511369158,1167732,83,0.1,2824338867489637680,1.5183140638828894
0.041796277858307196,1165174,346,0.2,1613140783192680989,1.4984185613597234
0.04125596748077712,1162571,349,0.2,5369778733055736313,1.4941370630387016
0.041402394663787555,1161461,327,0.2,8334692142757724294,1.5023897554709138
0.041544202445889314,1168645,314,0.2,-1677284320503184734,1.4968201835961021
0.0387027445786813,1155340,138,0.5,-236207976817320828,1.458181110129755
0.03913857245975793,1161683,149,0.5,1937162647354962431,1.4553749174920676
0.038916862691525896,1158523,141,0.5,6806946959622122613,1.4589289307964424
0.039336704276659494,1159209,126,0.5,-5055161316968348082,1.4601290675323653
0.041004530686015485,1162482,470,0.3,-6478971679457780647,1.4854676725905676
0.04018837817437604,1158145,579,0.4,404737322803661895,1.4769414612824858
0.039987326738600164,1160282,609,0.4,496302218557529669,1.4739243357390157
0.041557732203140386,1166092,377,0.2,886574902857037931,1.5000011105919193
0.041836530866662294,1166962,369,0.2,-6017048070692153612,1.5005544271529907
0.039885088790832614,1160257,573,0.4,8603285695495543821,1.465741975974419
0.03975453243969825,1161967,556,0.4,-2269898001000764766,1.4704273801416503
0.03717199775096249,1155263,226,0.8,-1371872687502828745,1.4309342822157658
0.0374631674704669,1156778,237,0.8,2294084193239783711,1.4346418411555568
0.039845880660057384,1159967,522,0.4,-5909193471395615033,1.4749881843641477
0.03752646219336382,1157353,293,0.8,-8504676864721561522,1.4341083677872435
0.040971970177523125,1162875,426,0.3,592495844030828508,1.4896411392315976
0.03771855747546444,1157349,215,0.8,-2889948971880286987,1.4372990635849714
0.04105590947959144,1160788,457,0.3,705995888282454923,1.4885445004230187
0.0366749245469721,1152969,624,1.0,5640035923490770134,1.4248095783739803
0.04073155093556579,1160622,503,0.3,-1045804816068760388,1.4835633279566396
0.043005727911685956,1169985,55,0.1,6796064707842439679,1.515939198470964
0.03933110864511489,1160726,115,0.5,-1268555565833390660,1.462385758701997
0.04187469377540423,1166619,388,0.2,4026895683724627733,1.5041157319891036
0.041858825866988934,1167125,341,0.2,-4279439586929624690,1.5022073763780321
0.03964759480893498,1158644,545,0.4,8470795133471961753,1.4677286624706436
0.04285387354978258,1167259,13,0.1,4451829317056519287,1.5183996202276102
0.04213555964410923,1166287,334,0.2,350709673688703008,1.5063065756351777
0.037690519518909324,1158056,289,0.8,-5029083993328817620,1.4350570806903362
0.04104047202556102,1165555,403,0.2,6340354299903783634,1.4921097666386196
0.04149809087971739,1162746,353,0.2,-3609085460795138702,1.4998552360995636
0.041660886555155506,1166832,352,0.2,4090226688068657897,1.4964373230074695
0.03909461708567643,1157252,114,0.5,-7406199022100987538,1.4602631364516578
0.042822147338653443,1172002,25,0.1,5375022617799719114,1.5099819887618722
0.04279021884611379,1168432,50,0.1,-5605986189812964883,1.511924314411383
0.039117365854608205,1159602,204,0.5,-1532692984117637272,1.4572290811377224
0.04272994405769398,1170437,61,0.1,7137115040518753386,1.5098210878233558
0.042824547237502286,1170807,84,0.1,8395415604536187239,1.5098746391278548
0.03992135545279133,1161189,568,0.4,-659474731235070414,1.4712082665966473
0.03973382411969168,1159496,595,0.4,9173703150952239347,1.464936536594585
0.03970566332558241,1158946,555,0.4,-1699379027219389163,1.4718630845469596
0.03992314081962389,1163385,598,0.4,6934785256005298040,1.4670187024711243
0.039747992609243506,1156261,583,0.4,-5497453342003625925,1.4712366311773755
0.03798257470564754,1156625,850,0.7,8546405172594699508,1.4396525502150817
0.04280677975792518,1168540,99,0.1,-1553477730284047346,1.5126962507568802
0.039564289695293686,1156362,523,0.4,3403794109312884976,1.4714310599284581
0.0398175711590831,1162117,517,0.4,-9194523447860915391,1.4708095453876726
0.04410678865965859,1174306,1088,0.0,524924106421983415,1.5328691238616203
0.040939389663331244,1162970,421,0.3,301802453249515024,1.4886239795191047
0.04471829691888233,1175606,1036,0.0,5640757580580268475,1.5398249465878242
0.04430384285682255,1176163,1098,0.0,-4742492385849409707,1.5356095108725984
0.04036381316992727,1161627,479,0.3,-284643839677982917,1.4783932164328002
0.037312848918076576,1156629,262,0.8,2516408486255598334,1.430274730278571
0.037418685110342194,1160749,271,0.8,-6147343778350578955,1.4290080430543681
0.03711393380746084,1156490,253,0.8,-8235334479874340390,1.427699947615804
0.0397777398103458,1160803,526,0.4,7381905390758054811,1.47295677513157
0.03766939573601524,1159282,294,0.8,-4534616198510460287,1.4352340250076812
0.03729282708289931,1152574,292,0.8,4445189884493904707,1.4337989187242448
0.04014024611818476,1158553,514,0.4,881911376206057014,1.4728277133354242
0.039198392710544566,1158353,515,0.4,688456379267775726,1.464086442790371
0.037255098955397324,1156018,296,0.8,2283592956575193338,1.4331278114086754
0.041334953140545284,1163397,428,0.3,7588850107663795040,1.493796272874921
0.03657311547768246,1155480,749,0.9,556079477253105689,1.4220332066925085
0.03715007264381571,1158213,259,0.8,-3547488107084591533,1.4302110055804762
0.037097010716666746,1153974,246,0.8,8927057058878435142,1.433903644537275
0.040815951333764665,1162153,443,0.3,-3097068695045684250,1.487290296287723
0.03672729444424135,1153550,310,0.8,4737324303729868803,1.4254924477844717
0.04289657912633439,1166926,27,0.1,-7227812305874529481,1.5211868270060223
0.04501871289069291,1175184,1016,0.0,8734861888254900210,1.5469539586075356
0.043099075667337214,1168289,48,0.1,4662160876073487076,1.5222944345858869
0.04417882862123138,1176651,1037,0.0,6912067604894073855,1.53269298854507
0.04156972819628189,1164900,355,0.2,-3637517820972793864,1.4967553496888908
0.04183488165881503,1163657,395,0.2,7930455957009420329,1.5020977840145349
0.04169042558388766,1166117,371,0.2,1822193399811426674,1.496715397818346
0.044329252311260635,1173802,1045,0.0,-5887851794994446845,1.5417822195128006
0.04410838881629686,1176678,1051,0.0,6373162885411665344,1.533154252931528
0.04491870392709937,1175529,1049,0.0,-6006672007539596969,1.5373295858154827
0.04426691168408396,1174829,1069,0.0,-1648496081062081962,1.5277096237343455
0.04432864127254812,1172260,1067,0.0,-982278852329411976,1.5381103280184747
0.044204739596179245,1176236,1107,0.0,7583756865821495678,1.5324080780533242
0.04373747573835804,1178116,1043,0.0,4101311513846503186,1.5238386611433825
0.045193090022639805,1180543,1078,0.0,-2975942581783820029,1.5432509206923655
0.04460540729633313,1176456,1030,0.0,7362506378137303724,1.5387060693883927
0.044545063811368094,1179392,1083,0.0,1247480993008195351,1.538098111335383
0.037416998993828436,1155287,257,0.8,1216290371091586739,1.43571774443819
0.03741300426288953,1153765,248,0.8,9016543028202573432,1.4359468671492441
0.036996213257514246,1158478,739,0.9,-674892209017741324,1.4288118181298288
0.03912419877318574,1161765,156,0.5,2241030227944439170,1.4622166294777212
0.038333459568611554,1155670,1006,0.6,8418426807155356973,1.4530619763987784
0.03924873118351663,1159100,151,0.5,2984643464230496812,1.4632241922623517
0.03812147638335603,1159377,919,0.6,5786349921352452655,1.4411698820153809
0.03923693840053608,1158585,183,0.5,6522880309832122543,1.461208153500558
0.03671931277309434,1156750,678,1.0,-3740172689771979330,1.4200754093098953
0.038984927584289744,1158478,165,0.5,-1657429070510279014,1.4562619004541715
0.03774220006820033,1160275,868,0.7,-6561969390321783937,1.4368864353989448
0.044511235471999894,1175910,1020,0.0,-2445280532607209068,1.5339160253665545
0.044445937750299064,1174422,1032,0.0,872861884263612887,1.5344124311314968
0.04441330403518317,1178824,1015,0.0,-604708634986513153,1.537058657399629
0.0444753108728393,1173617,1028,0.0,-2033194259042218122,1.5372850669990104
0.044461439706705706,1179897,1104,0.0,-315259275613781644,1.5321776836271992
0.04451373209852057,1180071,1066,0.0,-8881644594287413242,1.5303033622055406
0.04417271350045811,1175633,1080,0.0,-3895146925932374233,1.5315611608923174
0.04449562493877524,1180080,1048,0.0,-5315839905852157298,1.5357499641181254
0.038001582367850124,1156354,814,0.7,-3355467073989065345,1.4412189983390051
0.04451359091373868,1175714,1056,0.0,5444955499238550582,1.539354019854783
0.04461563261252822,1173879,1110,0.0,7997699780579188398,1.5396489970887783
0.0370775752023275,1156469,311,0.8,-198274206634768711,1.429112356888869
0.037570253849793546,1155482,261,0.8,5359394776090300153,1.4353491137267433
0.03742035631646761,1159813,227,0.8,-5956497818604904643,1.4312895380527635
0.044039636148342144,1180026,1052,0.0,-6919490942808051519,1.5254366009266362
0.040579810499881255,1161960,434,0.3,-7059579788973885352,1.4869789572538992
0.03690868604319909,1151734,643,1.0,-3242652011159660587,1.4268068594510501
0.0381859248987611,1160327,860,0.7,3592609436001331159,1.444650402848965
0.04449486875024485,1177531,1062,0.0,1007489146093640746,1.5354672767882536
0.04097388193854105,1162613,480,0.3,144492873278722163,1.4893041486948944
0.043128380197994066,1171101,43,0.1,-8591596420102896990,1.5174945510721287
0.0373138628510517,1151599,221,0.8,1114786201716807381,1.4372937727293893
0.03767808811343719,1157614,258,0.8,4619572303504289832,1.4351051577064493
0.036953633588909525,1157885,625,1.0,9106965294590128053,1.422693515419898
0.03785639809943584,1157791,301,0.8,5109373657317329773,1.439475209810892
0.04328367666347148,1172402,63,0.1,2150643675445389013,1.5206552905873396
0.036720375924019916,1150418,651,1.0,-562971949547555885,1.425842837183749
0.04296451948464947,1171081,89,0.1,-2040370009463066426,1.5181595523538127
0.03750706144485274,1156193,234,0.8,-1135668546804892473,1.437367221521066
0.04133289233086056,1164554,475,0.3,6685285180495142761,1.4912198081478063
0.042793545102536655,1166139,23,0.1,-1680807072795623671,1.5192818457070025
0.041892164317558926,1162381,385,0.2,-2723983314648900575,1.504298663358621
0.04156405611832772,1164611,405,0.2,4096135967486290958,1.5004630760625002
0.042242510378765044,1168502,361,0.2,5724193022640996728,1.5044389119830301
0.042075963837880974,1164630,407,0.2,-6277436623013492732,1.502829644858285
0.04198637103588301,1169198,380,0.2,-5660628042209354388,1.5006186391918483
0.0402916090018128,1163970,488,0.3,-4158213132836191986,1.4762506108659361
0.03882049825038632,1159564,997,0.6,-5202432771863292417,1.4525188452675595
0.04004869057351284,1158675,524,0.4,2154489659904559552,1.475578629556572
0.03649356352118131,1155544,644,1.0,-4114399354518465365,1.4229737129180107
0.04490098481070826,1177288,1041,0.0,2494644565889658887,1.5461117495345704
0.04393353246196181,1175639,1034,0.0,7286874400642836578,1.52753779519074
0.0441600645009175,1173809,1112,0.0,4062626759922241038,1.5305763540901967
0.043914792047219285,1173481,1111,0.0,-8204945393847958279,1.529089303274952
0.04444241304601144,1174080,1070,0.0,-4429033015167756529,1.5379570031884622
0.04403296124415138,1178601,1100,0.0,3791770734536263610,1.5261943593404348
0.04446565208666966,1174349,1092,0.0,199153936559910584,1.5353452654638535
0.04404220048738908,1175916,1072,0.0,-4939572109031667850,1.5313213169201405
0.039097200629107216,1161142,140,0.5,1417419205362388082,1.456018625059306
0.03895474510463474,1161663,172,0.5,-8552155916420508397,1.4560614979992748
0.039269948186532705,1157707,184,0.5,-1346075710229504783,1.459068427138075
0.03908888614621947,1157200,191,0.5,-3779544415072187970,1.4651264273144393
0.039679052543958156,1159909,586,0.4,-8785180718850249000,1.4692675892419498
0.04435472929843329,1176009,1057,0.0,-659876962697784071,1.5331336891440757
0.04491362837724334,1180092,1047,0.0,4432525724187660047,1.5428035406845724
0.04460960711547113,1178365,1017,0.0,7688244938074982893,1.5353870444493227
0.04444749218083483,1176529,1014,0.0,-2381170180255626265,1.5329015186117383
0.04460550923708024,1175256,1013,0.0,-8470796425923603160,1.5388377644479676
0.04279846899399068,1168745,34,0.1,-1044714961171400382,1.5169312722207635
0.03960993035826482,1159202,580,0.4,-276360271772843712,1.4671349388669932
0.039664398589014147,1159009,542,0.4,-2797971791426962560,1.4700542863986104
0.039891251489178096,1159729,565,0.4,3044870743747928815,1.4706831597369265
0.03974517939206124,1156816,559,0.4,5118564755978634692,1.4723878027847275
0.036926328215139956,1156262,272,0.8,8823413318666689305,1.429245364519311
0.039643128038592886,1160093,564,0.4,-4415671693639694213,1.4668961523994497
0.04008465149309145,1158628,582,0.4,4758144487260831304,1.4770476947589408
0.03908268932665467,1160176,195,0.5,-4388483450690872455,1.459214058766892
0.03621231557136302,1153911,642,1.0,3049385503605041632,1.4174969109357758
0.04472612406639868,1179589,1079,0.0,5959916569482433572,1.5401541818645723
0.04417677070318775,1174908,1076,0.0,-6640446864804773903,1.5288660778689311
0.04010235779051148,1158015,602,0.4,-4220525181481553255,1.474410526104561
0.04079870523091707,1164697,418,0.3,1074857669604264541,1.4898964208257428
0.039839401441240825,1157052,601,0.4,-7202215940711986267,1.4664819606659298
0.03720103726569761,1158513,747,0.9,3107891677723725534,1.4263482258273257
0.043054903595650056,1170853,69,0.1,2456275181260948362,1.5177470198277052
0.040984119947624235,1162580,490,0.3,239785551854946519,1.4873588693690158
0.039605595929480084,1159616,594,0.4,-2269919575177935332,1.4691643792948905
0.042759866622457676,1171882,98,0.1,4918021010939246540,1.5128869208493356
0.040945200998323904,1160499,445,0.3,3378763205378353340,1.489259043052186
0.041286588656274874,1164282,401,0.2,395865284011739895,1.4985509887015334
0.04144654081843432,1161263,348,0.2,153771949657294269,1.5003333607912028
0.042139067003489634,1167154,337,0.2,3205617200378564672,1.5059353147986063
0.04163133369993249,1164295,360,0.2,6847134920635411024,1.4995390251200627
0.041574579840382694,1168197,329,0.2,-5753979653664599017,1.49744634020789
0.04124033652065788,1165832,409,0.2,-7045105484021331593,1.4930668253520407
0.040044979637577,1160631,518,0.4,-4260397317114045131,1.4782128659204603
0.04351961650157458,1171981,87,0.1,-146202221742273951,1.5233974644837562
0.03704797921794692,1153935,809,0.9,-5049601796286938262,1.430040705333205
0.037343061765214354,1155689,299,0.8,5324370164676160363,1.4364540122942762
0.04079760095183542,1159867,468,0.3,7900440821339829135,1.4926418684865952
0.040937836127334544,1162415,448,0.3,-1147725634851594880,1.4888728789904635
0.03817174342573246,1154083,896,0.7,-8869849450626738117,1.4481266073083012
0.041790885508517873,1166361,391,0.2,-3100635684296422659,1.4973546941199696
0.03660082426013309,1156329,752,0.9,5887083146724092279,1.4247357005972316
0.03712872958503652,1157016,277,0.8,-7688904543335743828,1.427855932734179
0.037036629087058306,1154797,250,0.8,-6501926684175277323,1.430518046924416
0.037724326914676795,1154787,255,0.8,-5912463288960913584,1.4396151498611078
0.03735200651698698,1156093,283,0.8,-2179832723568943985,1.432972063193116
0.03698036576991036,1149594,308,0.8,5182546724203375436,1.429068303740761
0.03730721035188011,1159169,291,0.8,-23529785540340977,1.4313563068608581
0.037269245984538284,1157158,281,0.8,-8035087163009840456,1.4296105241009263
0.04095614958770305,1162296,472,0.3,7508423869896624494,1.4908128407707955
0.040952403511953596,1162089,435,0.3,2052028550740906307,1.4842174882060575
0.040607829057078874,1159012,413,0.3,8887841768764594723,1.490885110681511
0.03703139956277336,1153992,715,0.9,-3939314901949813813,1.4286115878124344
0.03657619009472729,1156386,703,1.0,6041252187444718907,1.4166003808979823
0.03877366162080834,1159068,913,0.6,-5978227582315572049,1.4542944365229096
0.03632766505058764,1151620,689,1.0,53224883673168576,1.4172542536183863
0.0402495175708655,1158249,558,0.4,3519880761748501364,1.479476316535322
0.039041009024876734,1158574,120,0.5,-4843008921182114204,1.4583889884352932
0.039226236037754714,1159025,145,0.5,1737375693178352076,1.4606457842448926
0.0368445289241695,1152797,652,1.0,-6702113898734343319,1.4231609762394257
0.03683818733277573,1153873,614,1.0,175650542068293519,1.4244452362092452
0.038728362171798085,1157588,144,0.5,6230384104104658312,1.4563421290206815
0.038890456162625674,1159457,137,0.5,2338387658964682603,1.4597686221621085
0.04029251408355101,1158567,597,0.4,-5800687093117790211,1.4792884040326495
0.03749252997999386,1154636,243,0.8,1328419279940338602,1.435263957834468
0.040844163095283895,1160349,446,0.3,-8254822083576814638,1.486361262524044
0.04009926856302577,1161220,452,0.3,3330229433468072201,1.4750940408827935
0.03730615589506322,1160564,275,0.8,3622531205004565501,1.4316750744445084
0.039644177293045056,1158672,119,0.5,7883645603202075901,1.4654406424275068
0.039588545830255666,1155234,539,0.4,-6704641200497749013,1.4692166192640903
0.038127146814796786,1159304,836,0.7,6826618951732767802,1.4421912355430864
0.04029084055276785,1159703,540,0.4,-5639475412380016932,1.4802811115483454
0.04326903405386174,1174665,30,0.1,1139966408413735632,1.5191499176997274
0.04080231941250868,1163660,424,0.3,1782446153429226748,1.4839235766512289
0.04314258621768436,1171765,46,0.1,-102527231777330109,1.5194293121266953
0.043099664141464135,1167276,104,0.1,-1583471657207315986,1.5197308804725493
0.03932955666781548,1158171,180,0.5,3885527277838408545,1.4657302280435807
0.03971411829358262,1159932,175,0.5,942087193810603989,1.469196864666041
0.03915406236424582,1157222,162,0.5,-6817941493554609195,1.4586216778215675
0.03906133404994317,1161474,169,0.5,851320291983907248,1.4526716206696473
0.04061154944206134,1160495,450,0.3,-6534722617185243163,1.4840758832907213
0.04327951045602168,1165735,58,0.1,-1126100890361382925,1.5269374690623978
0.04153472698958816,1162996,333,0.2,-354501265213272850,1.5013026120788997
0.04292542895578818,1164594,22,0.1,4903500297311595333,1.5198062894110922
0.036862001611502195,1150349,216,0.8,-5257746331454476099,1.431472337441906
0.04179771345760721,1164141,370,0.2,2881956432512205498,1.4999157156849263
0.04137960885116355,1163866,382,0.2,-5226842655829969765,1.4963617275743655
0.0417938754056156,1167603,339,0.2,-2025121654522214635,1.494702536194475
0.040603593548405585,1161366,437,0.3,-8312600978517042031,1.483727343554379
0.03698518146882643,1154285,260,0.8,6246600050869331167,1.4249824939759066
0.03719985781226643,1149806,285,0.8,1805793471007836817,1.4345902259197318
0.03731346613423,1155183,213,0.8,-5021598502395522137,1.4365485755949914
0.03712138952472912,1156382,220,0.8,-8450399076015446933,1.431559549176647
0.037187226668879934,1155915,256,0.8,-2620269519941471808,1.4332964659253278
0.04014563158155702,1159650,549,0.4,8665903679247509837,1.4751252745325525
0.03748380234463027,1154590,252,0.8,-3432692079310849974,1.4350816472617172
0.04278834411974132,1167159,90,0.1,-1317572968398991724,1.5145208265673866
0.04006437822385638,1159000,537,0.4,-7641327995221484863,1.4727438307798
0.04300866353176114,1169817,16,0.1,4768521388939507966,1.516106711121252
0.041768964407949465,1166760,321,0.2,-727949937359429880,1.498301284523447
0.04198456436498244,1164875,328,0.2,129236546926137739,1.5049335836550362
0.04125924405495229,1164207,396,0.2,-6361595582890042974,1.493128121623516
0.04216751810004227,1166378,358,0.2,-3703003541030846798,1.509546403478249
0.04242443550843324,1164378,313,0.2,-5687251085941155793,1.5138741298979552
0.037339341457493444,1156365,711,1.0,-5321034880044072025,1.4317506661742991
0.037183029841469505,1153704,688,1.0,-923336755972259122,1.4318472475411437
0.04064209655325951,1165372,487,0.3,-263572537543243475,1.4817260822735192
0.04091286845379416,1165050,431,0.3,-4364469555858062840,1.4852644290129071
0.03893092816823555,1156963,135,0.5,-996826054856571087,1.4612772045995504
0.03776459107713601,1158108,888,0.7,-3789247765432447295,1.4352486623065057
0.0371695915300283,1159385,303,0.8,-5779909730969079037,1.429739886976271
0.03891525056719748,1158017,190,0.5,5492066161006664550,1.4562771585779895
0.03763801223676448,1158822,312,0.8,2337556321711998416,1.4344766042196218
0.03750944258479351,1154864,818,0.7,8515944169536380269,1.4391322294115636
0.037605768888100764,1155235,240,0.8,3223756631537884821,1.4372300152309274
0.03971759464939826,1162646,578,0.4,4007167427837235752,1.4719431379682946
0.04003015578598053,1159781,589,0.4,-602811175715771608,1.4721508140645672
0.04243127577840098,1165710,372,0.2,-8334664992233939757,1.5088511880563735
0.038934005075050834,1160392,121,0.5,2861265997016875040,1.4568473901584675
0.0366600036517425,1155637,637,1.0,-962898412380595194,1.4201644335304917
0.038780645919209544,1154146,148,0.5,4877358448709278235,1.45754548019556
0.039361824471373257,1160528,158,0.5,-3740202644445320871,1.46084062005888
0.03916943087310061,1163555,160,0.5,-5739086628124106544,1.4554551406516665
0.03913940778044681,1157832,122,0.5,5908342614700768246,1.4555803477189202
0.03892112000085206,1156963,943,0.6,-8119171420730470547,1.4557248373825673
0.04099532797725086,1161502,469,0.3,-2411496945562300661,1.4839426143031815
0.040183449186414984,1161616,606,0.4,-592427972477424047,1.4740780566526688
0.038276638788700405,1156571,1004,0.6,-1035299811133306719,1.4492744275063654
0.03840499995504359,1157410,989,0.6,2494767701704598512,1.450902602803804
0.037665449705332775,1156712,848,0.7,6517492845330174925,1.4378055842315391
0.04064546069784446,1159586,499,0.3,-102122846328655797,1.4840135048572687
0.03686243601100975,1154271,660,1.0,-8126516425614168001,1.4259658129821986
0.040621874396390804,1160736,463,0.3,990403897198867518,1.484120462248173
0.04274853291048147,1165995,95,0.1,1530035500844732161,1.5203556239348053
0.0398179996019119,1161043,570,0.4,1689486054492292655,1.4733835572774745
0.03977352012562934,1158570,546,0.4,-3445693804930449992,1.4733771849467883
0.04078481319537671,1159538,417,0.3,4447124739524662677,1.4854093024395572
0.04287191000262244,1165590,29,0.1,-5857600556075410658,1.51665125558251
0.04132377632827853,1161298,364,0.2,-8692923162928359662,1.4934047594101856
0.03752104372823291,1155746,282,0.8,2059436853123232088,1.4392648880457533
0.03961838192186926,1160716,113,0.5,-4739664394648891331,1.4671002458729394
0.042756139708717805,1168005,56,0.1,-6565572093709681066,1.5188639962973933
0.04286691926780866,1168925,66,0.1,-7561070327361082771,1.5151004577216154
0.03704875974074767,1155655,270,0.8,-5567633032820042806,1.4280713169868735
0.04438440805947167,1174185,1046,0.0,-578221543786665443,1.5368004369575188
0.03731777767924429,1157632,236,0.8,1548493316713758558,1.4307042764711344
0.04263169324963157,1173594,107,0.1,8132719809935825915,1.5123680833735358
0.04326381385784375,1164121,101,0.1,-7326561881436044297,1.526611610441305
0.03971073960396396,1161578,551,0.4,9116667420243099595,1.4723480819880552
0.0406646290168206,1161195,466,0.3,-3679119723811377937,1.4852467589467133
0.03746234211277517,1153560,908,0.7,-6359945430619965194,1.4383092899058552
0.037700021235976405,1156393,898,0.7,-3928450764467343627,1.4377172084015999
0.03772730215152437,1155788,302,0.8,-8525447956732646229,1.4428107231942324
0.03933183275372201,1162121,168,0.5,8226156414640372434,1.4619141152015482
0.039974234903276465,1158990,128,0.5,8665755171212248302,1.4718228249507534
0.040992432675489236,1160006,505,0.3,-6587118056528927137,1.4915929240531067
0.040884442161528346,1163153,510,0.3,1408997570314227034,1.4847902472243952
0.04081387062668178,1162374,467,0.3,7787949713719848680,1.4846214651965295
0.03721293272200622,1155592,251,0.8,-7117736615453852396,1.4310042592339411
0.041049848508561915,1164847,433,0.3,-7283566999692361488,1.4853185012458563
0.03742081270671434,1152561,810,0.9,-1117346339545526945,1.4340978084688587
0.03769374381092829,1156508,276,0.8,5640339462933149362,1.4329868764721616
0.0372779964150243,1158751,280,0.8,-3585169884977135355,1.4285325371818915
0.03756771980190369,1156975,305,0.8,5328909268994899826,1.4358769133382505
0.042975656337874105,1170197,39,0.1,-6084208454309801922,1.5167393956673374
0.03967046089735489,1160922,607,0.4,-2143045327811194206,1.469711467618127
0.036904413743779375,1154872,266,0.8,614725033688261483,1.4265012830046382
0.03773663788565791,1155953,229,0.8,-8327975187993457427,1.4385340147726948
0.042637045008144234,1167475,62,0.1,2293243440495008055,1.5172547230017663
0.04225154800147488,1166792,76,0.1,-5911777205469413509,1.5087795537120814
0.04347528862177039,1174051,70,0.1,7093558290199630542,1.5211439284356545
0.04271782607094823,1168230,21,0.1,319508046599603888,1.5090985943053583
0.03929988128070498,1155487,208,0.5,-9197856082760090272,1.4676981804267706
0.04200510186239373,1167961,390,0.2,1538819317142182709,1.5041248184462912
0.04163688671554215,1168556,408,0.2,-7880584871362513810,1.4984399677949494
0.04193426863153263,1168188,368,0.2,3815341183396099651,1.5040203620115
0.04168965355512663,1164448,410,0.2,9186352297635763426,1.5023653188651311
0.04197348090011649,1169124,359,0.2,7084440118101726007,1.4973016413854563
0.0418685165595293,1163536,354,0.2,-524028456214587448,1.5037891060939053
0.03772200037068345,1155497,254,0.8,667542437389631855,1.4373563667581366
0.03974215405203089,1159138,520,0.4,-8711408650973416183,1.4710600983222484
0.04092177178177867,1166278,432,0.3,5245270354640390420,1.489487862549899
0.04054349217125911,1162865,444,0.3,-3269511197366447696,1.4832080944098567
0.039329596998607344,1160141,154,0.5,3686982130462233098,1.4664564657262085
0.03911875107968607,1158727,171,0.5,6615230372955445325,1.458379700442764
0.03666522915806261,1155380,617,1.0,-7183655305573104913,1.4240109036006372
0.04111986505072736,1165491,460,0.3,-5017040336159971561,1.4880163991747333
0.03890058839278862,1156905,118,0.5,-6162178608787434520,1.4594649360774476
0.04103767914210194,1167948,427,0.3,104496018928583172,1.4867955858342745
0.04091526077144387,1165708,422,0.3,-4169491169644004053,1.4868809459042447
0.042269395477073694,1167015,35,0.1,1677736286023453046,1.5073028203372132
0.03832397433160061,1158548,978,0.6,3397375906831533316,1.4470425988661852
0.0429379848127803,1165356,108,0.1,529373693615087689,1.5228081852929358
0.03730913987369703,1151430,217,0.8,8268182420493338617,1.4297891504038522
0.04186961863322509,1168139,363,0.2,434446527997833156,1.4989870417724698
0.03751017941561278,1155973,872,0.7,5318981616764983633,1.4338098060292594
0.037382894277034416,1158951,835,0.7,-8232977813682151736,1.4327749488791024
0.038719547017029836,1156436,961,0.6,1278921235047072485,1.4533750780411163
0.03860810276279203,1157683,929,0.6,66694869774636356,1.4507298330104672
0.039389233573304296,1157908,143,0.5,957119760007316268,1.4635821281504153
0.03972807965863064,1160008,525,0.4,-1021119151944077781,1.470567111625046
0.03886516669543507,1159982,181,0.5,426679232848451482,1.4587884184171744
0.03894232193848876,1161815,136,0.5,1150725471491924579,1.454865178168235
0.03869918408165233,1153882,192,0.5,-5368317277137002454,1.4592700127329725
0.03994578460481593,1159463,593,0.4,6142989488837379501,1.4720396034855954
0.04430980787653929,1178930,1040,0.0,-2017061733894646264,1.5346567518713075
0.038280054810104366,1153663,967,0.6,2077053772321253423,1.4513598825261163
0.03789446704029286,1152771,881,0.7,8530030512596671623,1.4438826619437253
0.04066227341561937,1164439,476,0.3,4482204364058916277,1.4829475729826351
0.0432509986438969,1168509,44,0.1,2969373698620064977,1.5250942582015397
0.04288977057467881,1167956,75,0.1,-2511928391417946441,1.5185688521377299
0.04300769733602865,1170257,74,0.1,-6723904360849197065,1.5159883026425824
0.04243101612493032,1169926,106,0.1,1545500317389809044,1.509552741018209
0.04322655091816319,1170942,18,0.1,-5027275185691770875,1.521054296152962
0.043535564083759144,1171396,15,0.1,6128281959123709771,1.522980395968479
0.03961476674741988,1161031,513,0.4,-9065584953356468199,1.4719723643873277
0.03879352965302951,1154938,124,0.5,-282683885317157878,1.4574024373863435
0.04224773955922047,1164742,379,0.2,-6725899921996377670,1.5082521817629517
0.04230046724274227,1170345,317,0.2,8727184293650008954,1.5012290635784336
0.037838364522223236,1156252,225,0.8,3930252409738722759,1.4404124547744492
0.04098681313575666,1162384,489,0.3,1854978561662056643,1.4869690503142516
0.03751267565613764,1157479,297,0.8,-5489878238026707437,1.4325472914668618
0.04063376936131385,1162642,511,0.3,5139674349529633427,1.4808061359553875
0.03917650292274313,1158083,201,0.5,-487101525751086658,1.4630863944852588
0.03734655959937842,1155046,295,0.8,8706392809428271444,1.434643167576988
0.04061935659386082,1164372,478,0.3,7509837583958016984,1.4805825074615673
0.037475511089082536,1156412,304,0.8,4770169666469415339,1.4337079689251386
0.04048330487219203,1162004,442,0.3,2665673994246960844,1.480075898656322
0.038396762048911785,1151666,991,0.6,9084124129610139427,1.4532127194407063
0.0382288835856761,1156502,1011,0.6,-8595040287641038982,1.4479551694421045
0.03954699209356398,1158528,157,0.5,5243928760291975035,1.462744236668676
0.03972615646576214,1158837,550,0.4,2482105967928901464,1.469463605657101
0.04065351570065811,1168358,414,0.3,9048932887873215696,1.4804669116724603
0.042999627129066374,1167782,36,0.1,-7628255018878227909,1.5179666198809931
0.043515960148067995,1173058,42,0.1,-3317923088702853110,1.5197875185681562
0.04290620359849478,1167655,26,0.1,-1363765553128027121,1.5212998963331887
0.04024397585062488,1162305,572,0.4,8539832602578948116,1.4781948491117929
0.0400769342309522,1163322,584,0.4,-1560205781724032520,1.4711827005635376
0.03966986392731649,1158454,554,0.4,1157577964155604777,1.469184011912115
0.04283957289550149,1172209,51,0.1,-384779232960578927,1.5174604780113152
0.03944241495997208,1154257,592,0.4,-7352182492762525244,1.467659711806588
0.04246714373548275,1168737,88,0.1,4756517699490039491,1.5119902677850294
0.0435095185349877,1175496,105,0.1,-7043075992196858190,1.5202061146681543
0.042859636011486194,1171344,110,0.1,-7757279737278509288,1.515148600889602
0.043086914112561214,1171922,112,0.1,-8484537494667442668,1.5181363844373366
0.04131974856090166,1165387,389,0.2,-1927295900881065683,1.493302177425218
0.04202176513188386,1167398,366,0.2,4115236447633008946,1.5060270377883678
0.04171700650870411,1167962,411,0.2,52979725146461264,1.5014159926766777
0.03712671907475605,1153182,630,1.0,-6234061756675359502,1.4291655667089096
0.04159023213311407,1164218,399,0.2,4589756834183249110,1.4993503124510288
0.0422337906721736,1165125,393,0.2,-1647468955947087954,1.5043746963002267
0.037155018213635135,1155194,662,1.0,8236447593872400366,1.42970428960474
0.040293206940794864,1159091,453,0.3,8608526933539150261,1.4818816464450397
0.041370494691940325,1162037,477,0.3,6241225958700868953,1.4909176040883485
0.036503552101263645,1152245,634,1.0,8213335790331080179,1.4205639394623222
0.043585435223263844,1173082,19,0.1,-8129443182849843684,1.521572206177286
0.04093764956911848,1163201,439,0.3,3434875365419653870,1.4845983358257513
0.03874564387163349,1158510,1005,0.6,-559696649832845562,1.4541487519548646
0.03837737764002383,1158529,1012,0.6,-4672737106246809263,1.4459530978715491
0.041720951301121974,1163744,412,0.2,-1609111347799763276,1.4960914353316983
0.04186344895128768,1171803,351,0.2,3339550661264764276,1.5009601559838006
0.041886690077383985,1165925,404,0.2,-8448452066531649506,1.501956096051669
0.039449123661361954,1161953,116,0.5,5331613326559737446,1.4620611688506937
0.03849631837875078,1160048,923,0.6,3914257691674273074,1.448606120461424
0.039804822525411565,1160946,611,0.4,4189262737494219392,1.4667302793029933
0.037856366747934106,1161109,885,0.7,-2927741825060421365,1.4398264134879004
0.03919740147140957,1156194,147,0.5,-8883087669901553182,1.4589809307551216
0.042813354712075716,1172705,33,0.1,-316966301413782423,1.5099135885816701
0.042330974952003005,1165955,387,0.2,8261222306849935639,1.5102500265397545
0.038923619431561654,1155869,123,0.5,2748037079113624497,1.4601371259183258
0.04194208252203713,1166267,375,0.2,6743296252025279090,1.5030548031604147
0.04158536210112704,1166548,335,0.2,7586485540395487758,1.495494197849862
0.0421855082951515,1165103,344,0.2,6698801732281110157,1.5067803321893205
0.03906622673979119,1157378,161,0.5,6153402806030913516,1.4618286147796318
0.03928933661276158,1158682,155,0.5,-1943518018422839588,1.462918570060051
0.042608753542699815,1168778,318,0.2,5747594585057121018,1.5082241112808958
0.04111571715270639,1167985,495,0.3,2022225925304245281,1.484644039590312
0.039169068645764436,1156823,173,0.5,-3275491614320065095,1.462391597896472
0.038891907987580215,1160188,134,0.5,3910265100241052197,1.4524910650487608
0.03908707582842791,1160971,177,0.5,-1399446732106075721,1.4584042120842375
0.03966167226383736,1162208,187,0.5,2871017646523565243,1.4666342072218315
0.04093532724440675,1163403,486,0.3,7353380729591887614,1.484126030199336
0.04084872538784079,1161493,474,0.3,2656098325554773927,1.4885490439595175
0.04080874979037581,1164244,500,0.3,6719690477834181145,1.48672838232446
0.04294926963514167,1170697,64,0.1,-3293354384363173906,1.5176406176296169
0.040639148667470475,1163722,465,0.3,-4560953050758991545,1.48271402210585
0.042692254225719,1166666,86,0.1,-8017681807772292588,1.5137956613947312
0.042445252005275894,1164462,68,0.1,-1783500787627219345,1.5169053201814546
0.04314487813056332,1167792,91,0.1,2803132213239876646,1.5224954210881838
0.04292998484338294,1169792,14,0.1,-2237892896267317969,1.5158316627236375
0.04293262121281642,1173048,17,0.1,-4888479340883078387,1.5168440590949595
0.04196157091198037,1168159,315,0.2,6646050014450185529,1.5028083802179235
0.0421177045309509,1163439,336,0.2,-7662146868811942625,1.5078303754115554
0.041446586961208495,1164773,340,0.2,5215506223011634324,1.4969647458587998
0.042265297867538465,1170423,402,0.2,3407864680996301244,1.502160090867674
0.041473559244347036,1166120,325,0.2,-74227088051150416,1.493291747048654
0.04249191273030959,1165142,398,0.2,8070297814530617056,1.5100781086554025
0.03932936311165743,1158423,596,0.4,8376195957943802872,1.464047723847688
0.03954962547220577,1158710,612,0.4,-5252103302924971215,1.4664378502464763
0.04011896240371508,1158915,605,0.4,-8068905535018124062,1.4755680675810248
0.04019111842810588,1164228,543,0.4,1996224483861256660,1.473901263620236
0.039546492889341076,1159615,557,0.4,1229528912754694523,1.464858039225768
0.04003781742380336,1160416,585,0.4,-1865626533625117817,1.4719889788808587
0.039288604747219076,1158481,130,0.5,-6109110350918192663,1.4610970719730214
0.03919001908206444,1158020,179,0.5,-3014967616119923141,1.4616187660774391
0.03914187384508301,1160778,125,0.5,-2575216964030404626,1.4573069167086554
0.043271670660175204,1166853,54,0.1,218767516329935098,1.5208643886343636
0.04270938927849494,1169763,20,0.1,-8756842620759645597,1.5116200807067126
0.03998638157210082,1159611,529,0.4,5331839669985250296,1.4782736154779372
0.039453214164029936,1155243,530,0.4,-1898993508394242467,1.4737093475840692
0.039354190110362994,1160537,521,0.4,1440619086346996533,1.4648151590895702
0.041972608039618435,1165496,406,0.2,8202238843387507321,1.5049985624818327
0.04112087630959998,1162103,400,0.2,-6006419109174406959,1.4943125626994729
0.03999963098813792,1154675,603,0.4,1970678173967334852,1.4785573695726193
0.040281189240067905,1161952,430,0.3,3629279746457134980,1.4800518348919587
0.04055822978466173,1157320,436,0.3,8098403434965381828,1.4886832197466728
0.04195697232365013,1166435,345,0.2,3478000458679399361,1.5028460932892052
0.04127853816530729,1161975,350,0.2,6526811813007752784,1.495368724397032
0.04075085836215263,1162712,461,0.3,-7565188848289627991,1.4873731999358748
0.03697507198501651,1150658,249,0.8,-5697618838083472781,1.4319926585085112
0.04008660060003675,1160770,576,0.4,8721507205567608502,1.4744279935745839
0.03700976926513266,1155201,273,0.8,-7985007692963244019,1.4314671558684569
0.03713366159264536,1153780,287,0.8,8508319555169438629,1.4274088724660225
0.04061130512958481,1161719,501,0.3,4207819889754590840,1.4845880029598795
0.04101073970489911,1160047,492,0.3,4935526699207172522,1.4896276933085906
0.040835591922628846,1159782,482,0.3,4965905628807506092,1.4896156407291394
0.044516442683969135,1173570,1087,0.0,4333361970974119944,1.5385791229179289
0.03686460724440681,1158540,300,0.8,5562469671891305200,1.4248313026656074
0.044049894875324576,1174269,1023,0.0,-5794638819962064353,1.5342329706111406
0.04079507110497764,1160501,458,0.3,1088145284727122241,1.4866868260917554
0.03968959069884603,1158016,535,0.4,9214750947178710690,1.4708103833245851
0.03929914423151523,1159014,146,0.5,-5157834138256659696,1.4620876169997217
0.04020700328914143,1163142,527,0.4,-5235902871984257979,1.4750038797817175
0.038987940582020604,1158980,186,0.5,2503339468512127879,1.4563420957665707
0.03876483467273439,1154300,185,0.5,-6990288441297281100,1.4567336046454986
0.038145049144592116,1158433,838,0.7,1999919660055006076,1.442854876422676
0.04068233412906086,1161603,423,0.3,3893927078674656875,1.4839484114591663
0.040977612865358407,1164064,438,0.3,-1855350859566610306,1.4885275618232081
0.037289591215165216,1158758,778,0.9,-5528237022097762639,1.4262476839425426
0.042950678357870996,1171949,32,0.1,1539619925564053815,1.514817060905288
0.04275524405533302,1169661,77,0.1,6754926463300759977,1.5188144361867155
0.04417668482499322,1170668,1064,0.0,881080330775514677,1.5342185373113295
0.04416932785038439,1174745,1021,0.0,-1616527361560193394,1.536779721074192
0.04192384360045607,1164856,319,0.2,-6821286537388685646,1.4997666233300548
0.04175617364510118,1166451,376,0.2,8133369687725733044,1.499928315937295
0.041908164445140124,1167995,378,0.2,-6378756255905282172,1.5010771723054588
0.04232132565377074,1167480,343,0.2,-3397334792040265376,1.5054209027945884
0.04154850742247556,1161149,397,0.2,-6176551286395746496,1.4984972480704015
0.04230156362117997,1166144,320,0.2,-5708468550558815956,1.5045585795726275
0.04161752310659835,1165158,322,0.2,-5787620752679821053,1.4981786576612315
0.041268331566581884,1160495,323,0.2,-560742953604843056,1.4995399860204137
0.04162834683012553,1163435,330,0.2,1848149765673936526,1.4981173741081997
0.042995519797885365,1167950,47,0.1,-1722875017850023703,1.5173816012830694
0.04272156828757137,1171103,65,0.1,1230462452903657370,1.513037324158533
0.04357704057849681,1174109,57,0.1,757296218201805172,1.525117167697041
0.043144861777370036,1169690,78,0.1,9199534272530355837,1.5160453761198895
0.04290552283143651,1168294,93,0.1,-5441033794110209801,1.5165378155220672
0.03914188869843505,1159291,117,0.5,2486161585293563335,1.4581209998639668
0.04116498274380036,1158069,512,0.3,-1031759484520571843,1.4958597832176448
0.03917072968326051,1158328,212,0.5,-8707413602292704026,1.4607481411826526
0.03885670914509995,1156288,152,0.5,-9178740850080370169,1.459627765566105
0.03950793018636546,1158802,170,0.5,7621025166097536015,1.4647409252611652
0.03921664221175941,1157738,131,0.5,131225250301987477,1.4626676726711425
0.038303504601620166,1161823,973,0.6,-3703746151511684038,1.4436363504370313
0.03951607985584957,1159183,166,0.5,-2739433637508321075,1.4650282668890853
0.039092260494009094,1159820,163,0.5,-677686466800425330,1.459865740643042
0.040471108716145614,1162948,459,0.3,-1347153058374366647,1.4840368248437317
0.04267487533589025,1169168,31,0.1,5366977978848725069,1.5134392851894203
0.04075309777559674,1163606,497,0.3,6317618348070459820,1.4853582745694085
0.04091237935128565,1162409,509,0.3,216964229121183035,1.4850115198239697
0.04291331811734808,1169880,52,0.1,-308169435861212610,1.5149203426490243
0.04262200180886035,1168936,71,0.1,-8849599852262112989,1.5130763927654707
0.04233657962138183,1168131,92,0.1,454582328320144064,1.5090914329254477
0.042577585291490666,1169489,85,0.1,-7191613142336287164,1.509719262722219
0.04254920112549,1170068,97,0.1,-6912713116065834771,1.5141649075633943
0.04189043104373215,1165173,365,0.2,3499567019799423282,1.5048854694843223
0.04175096592547257,1163123,392,0.2,5173527696463802210,1.5028861145729275
0.043207394412874,1170620,38,0.1,-8620343723722471632,1.5196042770896525
0.04297518243400296,1167941,24,0.1,-4499052862682756864,1.5181317656073128
0.042996385215797545,1173376,53,0.1,-7896443974168034286,1.51110693127819
0.044443342188588975,1171425,1103,0.0,4755721993717397377,1.5366532359690552
0.0431112791120703,1174817,82,0.1,-3111967576672032859,1.5165276256876143
0.04328773294618549,1166241,81,0.1,-8008499747730563814,1.5192327964784877
0.041351996731029586,1166443,374,0.2,3621623362975970468,1.494933698775566
0.04071217768811297,1165765,541,0.4,-8986363624159562347,1.4819829992368552
0.03954365359726776,1158827,544,0.4,-2155766110191250077,1.468330137801591
0.039921632711602,1162130,610,0.4,-3633941568679881819,1.4720346965879516
0.04054398384071261,1161130,429,0.3,8907800786121560984,1.4819394345591144
0.040933118403453685,1163255,441,0.3,8194198590300659828,1.486533991188659
0.039362498180853606,1154814,562,0.4,7611626553306022860,1.4709895816091612
0.04021852899285917,1160485,571,0.4,6701174250011051552,1.4771867584413299
0.03950329297224886,1159989,590,0.4,4568733576842825476,1.4657428976424371
0.04031730171926187,1162345,496,0.3,8374914454540128552,1.4780874781176696
0.04116346893771276,1164926,425,0.3,-5975632037783540741,1.4881489838269564
0.04055124144604271,1160752,416,0.3,4061380462938518504,1.4835901351197212
0.03963103794716809,1163609,608,0.4,1566641302558851066,1.4649190412281654
0.042965917293950134,1166593,60,0.1,-6788034078975008609,1.5159729559710218
0.04264252968975565,1164689,72,0.1,-5762835793568067786,1.5154674816542753
0.04214667301403246,1166946,383,0.2,-362313879907595468,1.5044439979826862
0.041724393166620195,1163182,394,0.2,-8798269389050556782,1.5008617783962546
0.04191928061145332,1166643,373,0.2,-6636451397050134261,1.5039625920062267
0.04148286098958338,1168557,362,0.2,2758504980028954086,1.4949406673417711
0.042260840303019874,1169287,356,0.2,-557875948448683092,1.5033484952665643
0.041677805099268245,1164934,347,0.2,-2054636521238757183,1.50160344357496
0.042262119031934456,1171818,342,0.2,6216449950295440577,1.5014250700535663
0.04072896734799297,1162671,462,0.3,1718950023312573527,1.483841133350878
0.04311295282680459,1168383,40,0.1,-8583336792923926526,1.5169688399968397
0.04276105539807263,1167339,28,0.1,-1091350732371537936,1.5149075696700656
0.042615268932662556,1172597,73,0.1,-3660990798958983200,1.5125964503267506
0.04283339808960477,1167846,67,0.1,-7622460484406024412,1.5161012123223676
0.04315177977771376,1166919,94,0.1,3519165036359472873,1.5148498426477879
0.04337569527428764,1170925,109,0.1,5362936722110484940,1.523256525475249
0.04283787890392433,1168390,103,0.1,-2015760727421699758,1.5178273530231772
0.042199649924666405,1167865,326,0.2,6305944259392787375,1.5039773298476404
0.04285086770971611,1167642,111,0.1,8446518259522902419,1.5176193099703945
0.040582928212392205,1162215,440,0.3,-8722447639325794550,1.4853404540990256
0.04144186294810184,1165778,367,0.2,-7991471627367186747,1.4975979799603936
